-- phpMyAdmin SQL Dump
-- version 5.2.1deb1
-- https://www.phpmyadmin.net/
--
-- Host: localhost:3306
-- Generation Time: May 05, 2024 at 03:32 PM
-- Server version: 10.11.6-MariaDB-0+deb12u1
-- PHP Version: 8.2.18

SET SQL_MODE = "NO_AUTO_VALUE_ON_ZERO";
START TRANSACTION;
SET time_zone = "+00:00";


/*!40101 SET @OLD_CHARACTER_SET_CLIENT=@@CHARACTER_SET_CLIENT */;
/*!40101 SET @OLD_CHARACTER_SET_RESULTS=@@CHARACTER_SET_RESULTS */;
/*!40101 SET @OLD_COLLATION_CONNECTION=@@COLLATION_CONNECTION */;
/*!40101 SET NAMES utf8mb4 */;

--
-- Database: `eshop_db`
--

-- --------------------------------------------------------

--
-- Table structure for table `blogs`
--

CREATE TABLE `blogs` (
  `id` int(11) NOT NULL,
  `url_address` varchar(60) NOT NULL,
  `title` varchar(60) NOT NULL,
  `post` text NOT NULL,
  `image` varchar(500) DEFAULT NULL,
  `date` datetime NOT NULL,
  `user_url` varchar(60) NOT NULL
) ENGINE=InnoDB DEFAULT CHARSET=latin1 COLLATE=latin1_swedish_ci;

-- --------------------------------------------------------

--
-- Table structure for table `brands`
--

CREATE TABLE `brands` (
  `id` int(11) NOT NULL,
  `brand` varchar(30) NOT NULL,
  `disabled` tinyint(1) NOT NULL DEFAULT 0,
  `views` int(11) NOT NULL DEFAULT 0
) ENGINE=InnoDB DEFAULT CHARSET=latin1 COLLATE=latin1_swedish_ci;

--
-- Dumping data for table `brands`
--

INSERT INTO `brands` (`id`, `brand`, `disabled`, `views`) VALUES
(1, 'Intero', 0, 0),
(2, 'Espozizione Singola', 0, 0),
(3, 'Legge 507/97', 0, 0);

-- --------------------------------------------------------

--
-- Table structure for table `categories`
--

CREATE TABLE `categories` (
  `id` int(11) NOT NULL,
  `category` varchar(30) NOT NULL,
  `disabled` tinyint(1) NOT NULL DEFAULT 0,
  `parent` int(11) NOT NULL,
  `views` int(11) NOT NULL DEFAULT 0
) ENGINE=InnoDB DEFAULT CHARSET=latin1 COLLATE=latin1_swedish_ci;

--
-- Dumping data for table `categories`
--

INSERT INTO `categories` (`id`, `category`, `disabled`, `parent`, `views`) VALUES
(1, 'Biglietti', 0, 0, 22),
(2, 'Extra', 0, 0, 24);

-- --------------------------------------------------------

--
-- Table structure for table `contact_us`
--

CREATE TABLE `contact_us` (
  `id` int(11) NOT NULL,
  `name` varchar(20) NOT NULL,
  `email` varchar(100) NOT NULL,
  `subject` varchar(30) NOT NULL,
  `message` varchar(1000) NOT NULL,
  `date` datetime NOT NULL
) ENGINE=InnoDB DEFAULT CHARSET=latin1 COLLATE=latin1_swedish_ci;

--
-- Dumping data for table `contact_us`
--

INSERT INTO `contact_us` (`id`, `name`, `email`, `subject`, `message`, `date`) VALUES
(2, 'Gianna', 'Gianna@email.com', 'Messaggio da Gianna', 'Ciaooooo', '2024-04-26 12:25:18'),
(3, 'Perry', 'lala@lala.iy', 'lallo', 'lallo', '2024-04-24 22:31:49');

-- --------------------------------------------------------

--
-- Table structure for table `countries`
--

CREATE TABLE `countries` (
  `id` int(11) NOT NULL,
  `country` varchar(30) NOT NULL,
  `disabled` tinyint(4) NOT NULL DEFAULT 0
) ENGINE=InnoDB DEFAULT CHARSET=latin1 COLLATE=latin1_swedish_ci;

--
-- Dumping data for table `countries`
--

INSERT INTO `countries` (`id`, `country`, `disabled`) VALUES
(1, 'Italia', 0),
(2, 'Gran Bretagna', 0),
(3, 'India', 0),
(4, 'Germania', 0),
(5, 'Francia', 0),
(6, 'Spagna', 0),
(7, 'Repubblica Ceca', 0),
(8, 'Olanda', 0);

-- --------------------------------------------------------

--
-- Table structure for table `orders`
--

CREATE TABLE `orders` (
  `id` bigint(20) NOT NULL,
  `user_url` varchar(60) NOT NULL,
  `description` varchar(20) NOT NULL,
  `delivery_address` varchar(1024) DEFAULT NULL,
  `total` double NOT NULL DEFAULT 0,
  `country` varchar(20) DEFAULT NULL,
  `state` varchar(20) DEFAULT NULL,
  `zip` varchar(6) DEFAULT NULL,
  `tax` double DEFAULT 0,
  `shipping` double DEFAULT 0,
  `date` datetime NOT NULL,
  `sessionid` varchar(30) NOT NULL,
  `home_phone` varchar(15) NOT NULL,
  `mobile_phone` varchar(15) NOT NULL
) ENGINE=InnoDB DEFAULT CHARSET=latin1 COLLATE=latin1_swedish_ci;

--
-- Dumping data for table `orders`
--

INSERT INTO `orders` (`id`, `user_url`, `description`, `delivery_address`, `total`, `country`, `state`, `zip`, `tax`, `shipping`, `date`, `sessionid`, `home_phone`, `mobile_phone`) VALUES
(23, '1USntCLPNNv0sMCpiuw6nlPryskHxIzAltBYHyLkyThl93nXZdYnw9', '1', 'asdasdas ', 25, 'Italia', 'asd', '54', 0, 0, '2024-04-29 07:14:07', '3a3rugdt3mte0d2gt1or2apefi', '', 'sda'),
(26, 'dvd7Hmns5V', 'order 26', 'Via Isonzo, 19 ', 30, 'Italia', 'PD', '35035', 0, 0, '2024-05-02 16:16:27', 'batni9egqf96pkt7mu1jv4s5uk', '', '3245644944'),
(27, 'dvd7Hmns5V', 'order 27', 'Via Isonzo, 19 ', 5, 'Italia', 'PD', '35035', 0, 0, '2024-05-02 16:22:46', 'batni9egqf96pkt7mu1jv4s5uk', '', '3245644944');

-- --------------------------------------------------------

--
-- Table structure for table `order_details`
--

CREATE TABLE `order_details` (
  `id` bigint(20) NOT NULL,
  `orderid` bigint(20) NOT NULL,
  `qty` int(11) NOT NULL,
  `description` varchar(200) NOT NULL,
  `amount` double NOT NULL,
  `total` double NOT NULL,
  `productid` int(11) NOT NULL
) ENGINE=InnoDB DEFAULT CHARSET=latin1 COLLATE=latin1_swedish_ci;

--
-- Dumping data for table `order_details`
--

INSERT INTO `order_details` (`id`, `orderid`, `qty`, `description`, `amount`, `total`, `productid`) VALUES
(27, 26, 1, 'Biglietto Intero', 30, 30, 1),
(28, 27, 1, 'Audioguida', 5, 5, 2);

-- --------------------------------------------------------

--
-- Table structure for table `payments`
--

CREATE TABLE `payments` (
  `id` int(11) NOT NULL,
  `date` datetime NOT NULL,
  `trans_id` varchar(255) NOT NULL,
  `raw` text NOT NULL,
  `event_type` varchar(100) NOT NULL,
  `amount` decimal(10,2) NOT NULL,
  `status` varchar(100) NOT NULL,
  `order_id` bigint(20) NOT NULL,
  `summary` varchar(255) NOT NULL,
  `first_name` varchar(50) NOT NULL,
  `last_name` varchar(50) NOT NULL,
  `email` varchar(100) NOT NULL,
  `payer_id` varchar(20) NOT NULL
) ENGINE=InnoDB DEFAULT CHARSET=latin1 COLLATE=latin1_swedish_ci;

--
-- Dumping data for table `payments`
--

INSERT INTO `payments` (`id`, `date`, `trans_id`, `raw`, `event_type`, `amount`, `status`, `order_id`, `summary`, `first_name`, `last_name`, `email`, `payer_id`) VALUES
(2, '2021-07-09 19:26:44', 'WH-4U387217Y0402090W-29K29120XX664362Y', '{\"id\":\"WH-4U387217Y0402090W-29K29120XX664362Y\",\"event_version\":\"1.0\",\"create_time\":\"2021-07-09T19:26:34.680Z\",\"resource_type\":\"checkout-order\",\"resource_version\":\"2.0\",\"event_type\":\"CHECKOUT.ORDER.APPROVED\",\"summary\":\"An order has been approved by buyer\",\"resource\":{\"update_time\":\"2021-07-09T19:26:33Z\",\"create_time\":\"2021-07-09T19:25:30Z\",\"purchase_units\":[{\"reference_id\":\"default\",\"amount\":{\"currency_code\":\"USD\",\"value\":\"22.98\",\"breakdown\":{\"item_total\":{\"currency_code\":\"USD\",\"value\":\"22.98\"},\"shipping\":{\"currency_code\":\"USD\",\"value\":\"0.00\"},\"tax_total\":{\"currency_code\":\"USD\",\"value\":\"0.00\"}}},\"payee\":{\"email_address\":\"eathorne2012-facilitator@yahoo.com\",\"merchant_id\":\"QKRY6BTWMQQ8C\"},\"description\":\"order 5\",\"shipping\":{\"name\":{\"full_name\":\"test buyer\"},\"address\":{\"address_line_1\":\"1 Main St\",\"admin_area_2\":\"San Jose\",\"admin_area_1\":\"CA\",\"postal_code\":\"95131\",\"country_code\":\"US\"}},\"payments\":{\"captures\":[{\"id\":\"29B44561UF627130H\",\"status\":\"COMPLETED\",\"amount\":{\"currency_code\":\"USD\",\"value\":\"22.98\"},\"final_capture\":true,\"seller_protection\":{\"status\":\"ELIGIBLE\",\"dispute_categories\":[\"ITEM_NOT_RECEIVED\",\"UNAUTHORIZED_TRANSACTION\"]},\"seller_receivable_breakdown\":{\"gross_amount\":{\"currency_code\":\"USD\",\"value\":\"22.98\"},\"paypal_fee\":{\"currency_code\":\"USD\",\"value\":\"0.97\"},\"net_amount\":{\"currency_code\":\"USD\",\"value\":\"22.01\"}},\"links\":[{\"href\":\"https://api.sandbox.paypal.com/v2/payments/captures/29B44561UF627130H\",\"rel\":\"self\",\"method\":\"GET\"},{\"href\":\"https://api.sandbox.paypal.com/v2/payments/captures/29B44561UF627130H/refund\",\"rel\":\"refund\",\"method\":\"POST\"},{\"href\":\"https://api.sandbox.paypal.com/v2/checkout/orders/60J70994M39520325\",\"rel\":\"up\",\"method\":\"GET\"}],\"create_time\":\"2021-07-09T19:26:33Z\",\"update_time\":\"2021-07-09T19:26:33Z\"}]}}],\"links\":[{\"href\":\"https://api.sandbox.paypal.com/v2/checkout/orders/60J70994M39520325\",\"rel\":\"self\",\"method\":\"GET\"}],\"id\":\"60J70994M39520325\",\"intent\":\"CAPTURE\",\"payer\":{\"name\":{\"given_name\":\"test\",\"surname\":\"buyer\"},\"email_address\":\"eathorne2012-buyer@yahoo.com\",\"payer_id\":\"QCEPS6HXTCW9N\",\"address\":{\"country_code\":\"US\"}},\"status\":\"COMPLETED\"},\"links\":[{\"href\":\"https://api.sandbox.paypal.com/v1/notifications/webhooks-events/WH-4U387217Y0402090W-29K29120XX664362Y\",\"rel\":\"self\",\"method\":\"GET\"},{\"href\":\"https://api.sandbox.paypal.com/v1/notifications/webhooks-events/WH-4U387217Y0402090W-29K29120XX664362Y/resend\",\"rel\":\"resend\",\"method\":\"POST\"}]}', 'CHECKOUT.ORDER.APPROVED', 22.98, 'COMPLETED', 23, 'An order has been approved by buyer', 'test', 'buyer', 'eathorne2012-buyer@yahoo.com', 'QCEPS6HXTCW9N'),
(3, '2021-07-13 10:19:20', 'WH-7T326909W98431811-0PA11016TB7979214', '{\"id\":\"WH-7T326909W98431811-0PA11016TB7979214\",\"event_version\":\"1.0\",\"create_time\":\"2021-07-13T10:18:33.518Z\",\"resource_type\":\"checkout-order\",\"resource_version\":\"2.0\",\"event_type\":\"CHECKOUT.ORDER.APPROVED\",\"summary\":\"An order has been approved by buyer\",\"resource\":{\"update_time\":\"2021-07-13T10:18:17Z\",\"create_time\":\"2021-07-13T10:17:05Z\",\"purchase_units\":[{\"reference_id\":\"default\",\"amount\":{\"currency_code\":\"USD\",\"value\":\"1.05\",\"breakdown\":{\"item_total\":{\"currency_code\":\"USD\",\"value\":\"1.05\"},\"shipping\":{\"currency_code\":\"USD\",\"value\":\"0.00\"},\"tax_total\":{\"currency_code\":\"USD\",\"value\":\"0.00\"}}},\"payee\":{\"email_address\":\"eathorne2012-facilitator@yahoo.com\",\"merchant_id\":\"QKRY6BTWMQQ8C\"},\"description\":\"order 6\",\"shipping\":{\"name\":{\"full_name\":\"test buyer\"},\"address\":{\"address_line_1\":\"1 Main St\",\"admin_area_2\":\"San Jose\",\"admin_area_1\":\"CA\",\"postal_code\":\"95131\",\"country_code\":\"US\"}},\"payments\":{\"captures\":[{\"id\":\"1BE01178RF206244J\",\"status\":\"COMPLETED\",\"amount\":{\"currency_code\":\"USD\",\"value\":\"1.05\"},\"final_capture\":true,\"seller_protection\":{\"status\":\"ELIGIBLE\",\"dispute_categories\":[\"ITEM_NOT_RECEIVED\",\"UNAUTHORIZED_TRANSACTION\"]},\"seller_receivable_breakdown\":{\"gross_amount\":{\"currency_code\":\"USD\",\"value\":\"1.05\"},\"paypal_fee\":{\"currency_code\":\"USD\",\"value\":\"0.33\"},\"net_amount\":{\"currency_code\":\"USD\",\"value\":\"0.72\"}},\"links\":[{\"href\":\"https://api.sandbox.paypal.com/v2/payments/captures/1BE01178RF206244J\",\"rel\":\"self\",\"method\":\"GET\"},{\"href\":\"https://api.sandbox.paypal.com/v2/payments/captures/1BE01178RF206244J/refund\",\"rel\":\"refund\",\"method\":\"POST\"},{\"href\":\"https://api.sandbox.paypal.com/v2/checkout/orders/4PA73887R93208929\",\"rel\":\"up\",\"method\":\"GET\"}],\"create_time\":\"2021-07-13T10:18:17Z\",\"update_time\":\"2021-07-13T10:18:17Z\"}]}}],\"links\":[{\"href\":\"https://api.sandbox.paypal.com/v2/checkout/orders/4PA73887R93208929\",\"rel\":\"self\",\"method\":\"GET\"}],\"id\":\"4PA73887R93208929\",\"intent\":\"CAPTURE\",\"payer\":{\"name\":{\"given_name\":\"test\",\"surname\":\"buyer\"},\"email_address\":\"eathorne2012-buyer@yahoo.com\",\"payer_id\":\"QCEPS6HXTCW9N\",\"address\":{\"country_code\":\"US\"}},\"status\":\"COMPLETED\"},\"links\":[{\"href\":\"https://api.sandbox.paypal.com/v1/notifications/webhooks-events/WH-7T326909W98431811-0PA11016TB7979214\",\"rel\":\"self\",\"method\":\"GET\"},{\"href\":\"https://api.sandbox.paypal.com/v1/notifications/webhooks-events/WH-7T326909W98431811-0PA11016TB7979214/resend\",\"rel\":\"resend\",\"method\":\"POST\"}]}', 'CHECKOUT.ORDER.APPROVED', 1.05, 'COMPLETED', 26, 'An order has been approved by buyer', 'test', 'buyer', 'eathorne2012-buyer@yahoo.com', 'QCEPS6HXTCW9N');

-- --------------------------------------------------------

--
-- Table structure for table `products`
--

CREATE TABLE `products` (
  `id` int(11) NOT NULL,
  `user_url` varchar(60) NOT NULL,
  `description` varchar(200) NOT NULL,
  `category` int(11) NOT NULL,
  `brand` int(11) NOT NULL,
  `price` double NOT NULL,
  `quantity` int(11) NOT NULL,
  `image` varchar(500) NOT NULL,
  `image2` varchar(500) DEFAULT NULL,
  `image3` varchar(500) DEFAULT NULL,
  `image4` varchar(500) DEFAULT NULL,
  `date` datetime NOT NULL,
  `slag` varchar(100) NOT NULL,
  `data_inizio` date DEFAULT NULL,
  `data_fine` date DEFAULT NULL
) ENGINE=InnoDB DEFAULT CHARSET=latin1 COLLATE=latin1_swedish_ci;

--
-- Dumping data for table `products`
--

INSERT INTO `products` (`id`, `user_url`, `description`, `category`, `brand`, `price`, `quantity`, `image`, `image2`, `image3`, `image4`, `date`, `slag`, `data_inizio`, `data_fine`) VALUES
(1, 'dvd7Hmns5V', 'Biglietto Intero', 1, 1, 30, 50, 'uploads/ticket2.jpg', 'uploads/ticket3.jpg', 'uploads/ticket2.jpg', 'uploads/ticket3.jpg', '2024-04-15 07:51:13', 'biglietto-intero', NULL, NULL),
(2, 'dvd7Hmns5V', 'Audioguida', 2, 1, 5, 125, 'uploads/audioguide.jpg', 'uploads/audioguide.jpg', 'uploads/audioguide.jpg', 'uploads/audioguide.jpg', '2024-04-15 07:51:13', 'audioguide-extra', NULL, NULL),
(3, 'dvd7Hmns5V', 'Accompagnatore Riservato', 2, 3, 6, 5, 'uploads/guidaDisabili.jpg', 'uploads/guidaDisabili.jpg', 'uploads/guidaDisabili.jpg', 'uploads/guidaDisabili.jpg', '2024-04-30 15:16:40', 'Accompagnatore-disabili', NULL, NULL),
(4, 'dvd7Hmns5V', 'Biglietto Esposizione 1', 1, 1, 15, 50, 'uploads/ticket4.jpg', 'uploads/ticket2.jpg', 'uploads/ticket1.jpg', 'uploads/ticket3.jpg', '2024-04-15 07:51:13', 'biglietto-esposizione-1', '2024-05-02', '2024-08-02');

-- --------------------------------------------------------

--
-- Table structure for table `settings`
--

CREATE TABLE `settings` (
  `id` int(11) NOT NULL,
  `setting` varchar(30) DEFAULT NULL,
  `value` varchar(2048) DEFAULT NULL,
  `type` varchar(20) NOT NULL
) ENGINE=InnoDB DEFAULT CHARSET=latin1 COLLATE=latin1_swedish_ci;

--
-- Dumping data for table `settings`
--

INSERT INTO `settings` (`id`, `setting`, `value`, `type`) VALUES
(1, 'phone_number', '+39 04985555', ''),
(2, 'email', 'info@museomarte.com', ''),
(3, 'facebook_link', 'https://www.facebook.com', ''),
(4, 'twitter_link', 'https://www.twitter.com', ''),
(5, 'linkedin_link', 'https://www.linkedin.com/', ''),
(6, 'google_plus_link', '', ''),
(7, 'website_link', 'https://scuola.aledezzy.it/museum-ticket/public', ''),
(8, 'youtube_link', 'https://www.youtube.com/', ''),
(9, 'contact_info', 'Museo Marte\r\nITA\r\n\r\n\r\nEmail: info@museomarte.it', 'textarea');

-- --------------------------------------------------------

--
-- Table structure for table `slider_images`
--

CREATE TABLE `slider_images` (
  `id` int(11) NOT NULL,
  `header1_text` varchar(20) NOT NULL,
  `header2_text` varchar(30) DEFAULT NULL,
  `text` varchar(200) NOT NULL,
  `link` varchar(200) DEFAULT NULL,
  `image` varchar(500) DEFAULT NULL,
  `image2` varchar(500) DEFAULT NULL,
  `disabled` tinyint(1) NOT NULL DEFAULT 0
) ENGINE=InnoDB DEFAULT CHARSET=latin1 COLLATE=latin1_swedish_ci;

--
-- Dumping data for table `slider_images`
--

INSERT INTO `slider_images` (`id`, `header1_text`, `header2_text`, `text`, `link`, `image`, `image2`, `disabled`) VALUES
(1, 'Museo Marte', 'Guarda gli sconti e riduzioni!', 'Vieni a visitarci dal 25 aprile al 9 giugno!', 'http://localhost/eshop/public/', 'uploads/ticket.jpg', NULL, 0);

-- --------------------------------------------------------

--
-- Table structure for table `specialcat`
--

CREATE TABLE `specialcat` (
  `id` int(11) NOT NULL,
  `description` text NOT NULL,
  `document` text NOT NULL,
  `discount` int(11) NOT NULL
) ENGINE=InnoDB DEFAULT CHARSET=utf8mb4 COLLATE=utf8mb4_general_ci;

--
-- Dumping data for table `specialcat`
--

INSERT INTO `specialcat` (`id`, `description`, `document`, `discount`) VALUES
(0, 'Nessuna', '', 0),
(1, 'DSA', 'Certificazione DSA', 10);

-- --------------------------------------------------------

--
-- Table structure for table `users`
--

CREATE TABLE `users` (
  `id` bigint(20) NOT NULL,
  `url_address` varchar(60) NOT NULL,
  `name` varchar(100) NOT NULL,
  `email` varchar(100) NOT NULL,
  `password` varchar(64) NOT NULL,
  `date` datetime NOT NULL,
  `rank` varchar(8) NOT NULL,
  `categories` int(11) NOT NULL,
  `disable` tinyint(1) DEFAULT NULL
) ENGINE=InnoDB DEFAULT CHARSET=latin1 COLLATE=latin1_swedish_ci;

--
-- Dumping data for table `users`
--

INSERT INTO `users` (`id`, `url_address`, `name`, `email`, `password`, `date`, `rank`, `categories`, `disable`) VALUES
(1, 'dvd7Hmns5V', 'Alessandro', 'ale@uda.it', 'd033e22ae348aeb5660fc2140aec35850c4da997', '2024-04-30 14:34:52', 'admin', 0, NULL),
(2, 'Zg7jzgCxbQg6cB4mFc', 'd', 'd@d.it', '01464e1616e3fdd5c60c0cc5516c1d1454cc4185', '2024-04-29 09:34:38', 'customer', 0, NULL),
(3, '1USntCLPNNv0sMCpiuw6nlPryskHxIzAltBYHyLkyThl93nXZdYnw9', 'Matteo', 'matteo@mail.it', '1e4e888ac66f8dd41e00c5a7ac36a32a9950d271', '2024-04-23 08:26:14', 'customer', 1, 0),
(14, 'Vs9gawA8jlM51cB16mYLzcDXLY4xUndysNuABt16vR4HhIch7BxnF5', 'd', 'd@icloud.it', '01464e1616e3fdd5c60c0cc5516c1d1454cc4185', '2024-05-02 09:10:51', 'customer', 0, NULL);

--
-- Indexes for dumped tables
--

--
-- Indexes for table `blogs`
--
ALTER TABLE `blogs`
  ADD PRIMARY KEY (`id`),
  ADD KEY `url_address` (`url_address`),
  ADD KEY `title` (`title`),
  ADD KEY `image` (`image`),
  ADD KEY `user_url` (`user_url`);

--
-- Indexes for table `brands`
--
ALTER TABLE `brands`
  ADD PRIMARY KEY (`id`),
  ADD KEY `category` (`brand`),
  ADD KEY `disabled` (`disabled`),
  ADD KEY `views` (`views`),
  ADD KEY `brand` (`brand`);

--
-- Indexes for table `categories`
--
ALTER TABLE `categories`
  ADD PRIMARY KEY (`id`),
  ADD KEY `category` (`category`),
  ADD KEY `disabled` (`disabled`),
  ADD KEY `parent` (`parent`),
  ADD KEY `views` (`views`);

--
-- Indexes for table `contact_us`
--
ALTER TABLE `contact_us`
  ADD PRIMARY KEY (`id`),
  ADD KEY `email` (`email`),
  ADD KEY `subject` (`subject`),
  ADD KEY `name` (`name`);

--
-- Indexes for table `countries`
--
ALTER TABLE `countries`
  ADD PRIMARY KEY (`id`),
  ADD KEY `disabled` (`disabled`);

--
-- Indexes for table `orders`
--
ALTER TABLE `orders`
  ADD PRIMARY KEY (`id`),
  ADD KEY `userid` (`user_url`),
  ADD KEY `date` (`date`),
  ADD KEY `sessionid` (`sessionid`),
  ADD KEY `description` (`description`);

--
-- Indexes for table `order_details`
--
ALTER TABLE `order_details`
  ADD PRIMARY KEY (`id`),
  ADD KEY `orderid` (`orderid`),
  ADD KEY `description` (`description`),
  ADD KEY `Product` (`productid`);

--
-- Indexes for table `payments`
--
ALTER TABLE `payments`
  ADD PRIMARY KEY (`id`),
  ADD KEY `order_id` (`order_id`),
  ADD KEY `status` (`status`),
  ADD KEY `amount` (`amount`),
  ADD KEY `event_type` (`event_type`),
  ADD KEY `trans_id` (`trans_id`),
  ADD KEY `date` (`date`),
  ADD KEY `first_name` (`first_name`),
  ADD KEY `email` (`email`),
  ADD KEY `last_name` (`last_name`);

--
-- Indexes for table `products`
--
ALTER TABLE `products`
  ADD PRIMARY KEY (`id`),
  ADD KEY `slag` (`slag`),
  ADD KEY `date` (`date`),
  ADD KEY `quantity` (`quantity`),
  ADD KEY `price` (`price`),
  ADD KEY `category` (`category`),
  ADD KEY `description` (`description`),
  ADD KEY `user_url` (`user_url`),
  ADD KEY `brand` (`brand`);

--
-- Indexes for table `settings`
--
ALTER TABLE `settings`
  ADD PRIMARY KEY (`id`),
  ADD KEY `setting` (`setting`);

--
-- Indexes for table `slider_images`
--
ALTER TABLE `slider_images`
  ADD PRIMARY KEY (`id`),
  ADD KEY `disabled` (`disabled`);

--
-- Indexes for table `specialcat`
--
ALTER TABLE `specialcat`
  ADD PRIMARY KEY (`id`);

--
-- Indexes for table `users`
--
ALTER TABLE `users`
  ADD PRIMARY KEY (`id`),
  ADD KEY `url_address` (`url_address`),
  ADD KEY `email` (`email`),
  ADD KEY `name` (`name`),
  ADD KEY `rank` (`rank`),
  ADD KEY `date` (`date`),
  ADD KEY `Utente` (`categories`);

--
-- AUTO_INCREMENT for dumped tables
--

--
-- AUTO_INCREMENT for table `blogs`
--
ALTER TABLE `blogs`
  MODIFY `id` int(11) NOT NULL AUTO_INCREMENT, AUTO_INCREMENT=8;

--
-- AUTO_INCREMENT for table `brands`
--
ALTER TABLE `brands`
  MODIFY `id` int(11) NOT NULL AUTO_INCREMENT, AUTO_INCREMENT=5;

--
-- AUTO_INCREMENT for table `categories`
--
ALTER TABLE `categories`
  MODIFY `id` int(11) NOT NULL AUTO_INCREMENT, AUTO_INCREMENT=12;

--
-- AUTO_INCREMENT for table `contact_us`
--
ALTER TABLE `contact_us`
  MODIFY `id` int(11) NOT NULL AUTO_INCREMENT, AUTO_INCREMENT=4;

--
-- AUTO_INCREMENT for table `countries`
--
ALTER TABLE `countries`
  MODIFY `id` int(11) NOT NULL AUTO_INCREMENT, AUTO_INCREMENT=9;

--
-- AUTO_INCREMENT for table `orders`
--
ALTER TABLE `orders`
  MODIFY `id` bigint(20) NOT NULL AUTO_INCREMENT, AUTO_INCREMENT=28;

--
-- AUTO_INCREMENT for table `order_details`
--
ALTER TABLE `order_details`
  MODIFY `id` bigint(20) NOT NULL AUTO_INCREMENT, AUTO_INCREMENT=29;

--
-- AUTO_INCREMENT for table `payments`
--
ALTER TABLE `payments`
  MODIFY `id` int(11) NOT NULL AUTO_INCREMENT, AUTO_INCREMENT=4;

--
-- AUTO_INCREMENT for table `products`
--
ALTER TABLE `products`
  MODIFY `id` int(11) NOT NULL AUTO_INCREMENT, AUTO_INCREMENT=18;

--
-- AUTO_INCREMENT for table `settings`
--
ALTER TABLE `settings`
  MODIFY `id` int(11) NOT NULL AUTO_INCREMENT, AUTO_INCREMENT=10;

--
-- AUTO_INCREMENT for table `slider_images`
--
ALTER TABLE `slider_images`
  MODIFY `id` int(11) NOT NULL AUTO_INCREMENT, AUTO_INCREMENT=4;

--
-- AUTO_INCREMENT for table `specialcat`
--
ALTER TABLE `specialcat`
  MODIFY `id` int(11) NOT NULL AUTO_INCREMENT, AUTO_INCREMENT=4;

--
-- AUTO_INCREMENT for table `users`
--
ALTER TABLE `users`
  MODIFY `id` bigint(20) NOT NULL AUTO_INCREMENT, AUTO_INCREMENT=15;

--
-- Constraints for dumped tables
--

--
-- Constraints for table `blogs`
--
ALTER TABLE `blogs`
  ADD CONSTRAINT `User` FOREIGN KEY (`user_url`) REFERENCES `users` (`url_address`);

--
-- Constraints for table `orders`
--
ALTER TABLE `orders`
  ADD CONSTRAINT `FK_utente` FOREIGN KEY (`user_url`) REFERENCES `users` (`url_address`);

--
-- Constraints for table `order_details`
--
ALTER TABLE `order_details`
  ADD CONSTRAINT `Order` FOREIGN KEY (`orderid`) REFERENCES `orders` (`id`),
  ADD CONSTRAINT `Product` FOREIGN KEY (`productid`) REFERENCES `products` (`id`);

--
-- Constraints for table `payments`
--
ALTER TABLE `payments`
  ADD CONSTRAINT `fk_order` FOREIGN KEY (`order_id`) REFERENCES `orders` (`id`);

--
-- Constraints for table `products`
--
ALTER TABLE `products`
  ADD CONSTRAINT `Brands` FOREIGN KEY (`brand`) REFERENCES `brands` (`id`),
  ADD CONSTRAINT `Category` FOREIGN KEY (`category`) REFERENCES `categories` (`id`);

--
-- Constraints for table `users`
--
ALTER TABLE `users`
  ADD CONSTRAINT `Utente` FOREIGN KEY (`categories`) REFERENCES `specialcat` (`id`) ON DELETE NO ACTION ON UPDATE NO ACTION;
COMMIT;

/*!40101 SET CHARACTER_SET_CLIENT=@OLD_CHARACTER_SET_CLIENT */;
/*!40101 SET CHARACTER_SET_RESULTS=@OLD_CHARACTER_SET_RESULTS */;
/*!40101 SET COLLATION_CONNECTION=@OLD_COLLATION_CONNECTION */;
